Query,Title,URL,Displayed URL,Snippet
How to host a wine and pizza tasting party for one?,How to Plan a Wine Tasting Party at Home,https://www.lexiswinelist.com/blog/wine-tasting-party-ideas,https://www.lexiswinelist.com › blog › wine-tasting-part...,"Mar 17, 2022 — Step 1: What do you need to host a wine tasting? · Wine · Wine Glasses · Wine Tasting Mats · Wine Tasting Notes Pages · Water · Snacks."
How to host a wine and pizza tasting party for one?,,https://www.thechoppingblock.com/blog/how-to-host-a-wine-tasting-at-home,,
How to host a wine and pizza tasting party for one?,,"https://wineware.co.uk/pages/what-are-the-best-appetisers-to-serve-at-a-wine-tasting-party#:~:text=Red%20wines%20pair%20well%20with,pairs%20well%20with%20most%20wines.",,
How to host a wine and pizza tasting party for one?,,https://winefolly.com/lifestyle/blind-wine-tasting-party/,,
How to host a wine and pizza tasting party for one?,,"https://nightinnexperience.com/blogs/night-inn-blog/how-much-wine-for-a-party#:~:text=Additionally%2C%20be%20sure%20to%20have,to%20seven%20other%20red%20wines.",,
How to host a wine and pizza tasting party for one?,How to Host the Best Wine Tasting Party Ever,https://www.foodandwine.com/wine/wine-tasting-party-tips,https://www.foodandwine.com › Drinks › Wine,"Jul 22, 2022 — I've found that featuring five to seven wines per party is just the right amount for small groups. Figure that one bottle of wine comfortably ..."
How to host a wine and pizza tasting party for one?,Weekend Entertaining: Outdoor Wine & Pizza Party,https://blog.williams-sonoma.com/weekend-entertaining-outdoor-wine-pizza-party/,https://blog.williams-sonoma.com › ... › Dinner Parties,"Apr 20, 2012 — Invite friends over for a hands-on, grill-your-own pizza party. Pizza takes on an entirely new character when cooked on the grill or in a pizza oven outdoors."
How to host a wine and pizza tasting party for one?,How to Host a DIY Pizza and Wine Night with Tiffany & Dan ...,https://www.onehopewine.com/blog/how-to-host-a-diy-pizza-and-wine-night-with-tiffany-dan-at-estate-8/,https://www.onehopewine.com › Home › Categories,"Jun 16, 2024 — Host a memorable DIY pizza and wine night with our detailed guide. Follow Estate 8's simple steps for delicious pizza and wine pairings!"
How to host a wine and pizza tasting party for one?,Hosting a DIY Wine Tasting Party at Home the Right Way,https://www.domenicowinery.com/hosting-a-diy-wine-tasting-party-at-home/,https://www.domenicowinery.com › hosting-a-diy-wine-...,Here's our complete guide to help you plan and execute the perfect at-home wine-tasting event! Hosting a DIY Wine Tasting Party at Home
How to host a wine and pizza tasting party for one?,How to Host a Wine Tasting Party - Kitchen Confidante®,https://kitchenconfidante.com/how-to-host-a-wine-tasting-party,https://kitchenconfidante.com › how-to-host-a-wine-tasti...,"Sep 16, 2019 — Learn how to host a wine tasting party at home, from picking out wine to planning a wine tasting menu – this is the ultimate guide to help your party stand out!"
